Model,Method,Total Variation Distance,Jensen-Shannon Divergence,Rank Edit Distance,Count
Unknown,Elo,0.01719549411734168,0.00031259578842112,105.2,5
Unknown,Glicko2,0.0213273520492616,0.0006800530289926209,98.4,5
Unknown,WinCount,0.09101018101679906,0.0140604124903811,74.0,5
