,inconsistency_score,num_players,num_matches
Elo,0.4502903600464576,17,94
Glicko2,0.4421602787456446,17,94
WinCount,0.5015476190476191,16,94
