,inconsistency_score,num_players,num_matches
Elo,0.4912494164332398,17,1193
Glicko2,0.4828927404295051,17,1193
WinCount,0.478766923436041,17,1193
