,inconsistency_score,num_players,num_matches
Elo,0.48806897759103646,17,1297
Glicko2,0.4433094070961717,17,1297
WinCount,0.4407883986928104,17,1297
