,inconsistency_score,num_players,num_matches
Elo,0.480610994397759,17,894
Glicko2,0.471326447245565,17,894
WinCount,0.47968312324929974,17,894
