,inconsistency_score,num_players,num_matches
Elo,0.29671814671814667,16,96
Glicko2,0.26068211068211067,16,96
WinCount,0.42104247104247106,16,96
