,inconsistency_score,num_players,num_matches
Elo,0.48725781979458427,17,864
Glicko2,0.47136729691876733,17,864
WinCount,0.48462593370681595,17,864
