,inconsistency_score,num_players,num_matches
Elo,0.48774509803921573,17,906
Glicko2,0.47881652661064417,17,906
