,inconsistency_score,num_players,num_matches
Elo,0.3946457749766573,17,388
Glicko2,0.4115575396825398,17,388
WinCount,0.47045109710550886,17,388
