,inconsistency_score,num_players,num_matches
Elo,0.4789915966386554,17,1084
Glicko2,0.4603466386554622,17,1084
