,inconsistency_score,num_players,num_matches
Elo,0.44434051398337115,17,558
Glicko2,0.4540721844293272,17,558
