,inconsistency_score,num_players,num_matches
Elo,0.4952731092436975,17,1082
Glicko2,0.47584033613445387,17,1082
WinCount,0.48082983193277307,17,1082
