,inconsistency_score,num_players,num_matches
Elo,0.4748570261437907,17,1282
Glicko2,0.40681314192343604,17,1282
WinCount,0.41604516806722686,17,1282
