,inconsistency_score,num_players,num_matches
Elo,0.4777870062753783,17,575
Glicko2,0.4529808047249908,17,575
WinCount,0.45368217054263577,17,575
