method,run1,run2,common_players,tvd,jsd,rank_edit_distance
Elo,together_mistralai_Mistral-7B-Instruct-v0.1_20250803_153408_1754228048_7b516927,together_mistralai_Mistral-7B-Instruct-v0.3_split80_10_20250727_225419_1753649659_73b450ff_20250728_133700_1753702620_3af65586,17,0.027493614948235354,0.0007766039744572521,110
Glicko2,together_mistralai_Mistral-7B-Instruct-v0.1_20250803_153408_1754228048_7b516927,together_mistralai_Mistral-7B-Instruct-v0.3_split80_10_20250727_225419_1753649659_73b450ff_20250728_133700_1753702620_3af65586,17,0.014373731139661432,0.0001915993193774222,90
WinCount,together_mistralai_Mistral-7B-Instruct-v0.1_20250803_153408_1754228048_7b516927,together_mistralai_Mistral-7B-Instruct-v0.3_split80_10_20250727_225419_1753649659_73b450ff_20250728_133700_1753702620_3af65586,17,0.05666112041893875,0.0030107596064215462,80
