method,run1,run2,common_players,tvd,jsd,rank_edit_distance
Elo,anthropic_claude-3-5-sonnet-latest_20250803_135551_1754222151_b3c10c70,anthropic_claude-3-5-sonnet-latest_split80_10_20250727_203846_1753641526_df254137_20250728_133701_1753702621_229ee3db,17,0.0172184553621821,0.0003164446123470181,102
Glicko2,anthropic_claude-3-5-sonnet-latest_20250803_135551_1754222151_b3c10c70,anthropic_claude-3-5-sonnet-latest_split80_10_20250727_203846_1753641526_df254137_20250728_133701_1753702621_229ee3db,17,0.009421434390988297,0.00010888253363674926,122
WinCount,anthropic_claude-3-5-sonnet-latest_20250803_135551_1754222151_b3c10c70,anthropic_claude-3-5-sonnet-latest_split80_10_20250727_203846_1753641526_df254137_20250728_133701_1753702621_229ee3db,17,0.045802937457445764,0.00227068233240096,84
