method,run1,run2,common_players,tvd,jsd,rank_edit_distance
Elo,anthropic_claude-3-5-sonnet-latest_split80_10_20250727_205645_1753642605_f7f8ebcf_20250728_133701_1753702621_229ee3db,anthropic_claude-3-5-sonnet-latest_split80_10_20250727_203846_1753641526_df254137_20250728_133701_1753702621_229ee3db,17,0.014434247992383964,0.00019565621411350237,100
Glicko2,anthropic_claude-3-5-sonnet-latest_split80_10_20250727_205645_1753642605_f7f8ebcf_20250728_133701_1753702621_229ee3db,anthropic_claude-3-5-sonnet-latest_split80_10_20250727_203846_1753641526_df254137_20250728_133701_1753702621_229ee3db,17,0.013180491935134465,0.0001906756076117783,106
WinCount,anthropic_claude-3-5-sonnet-latest_split80_10_20250727_205645_1753642605_f7f8ebcf_20250728_133701_1753702621_229ee3db,anthropic_claude-3-5-sonnet-latest_split80_10_20250727_203846_1753641526_df254137_20250728_133701_1753702621_229ee3db,17,0.09030699703911485,0.007655631747094106,90
