method,run1,run2,common_players,tvd,jsd,rank_edit_distance
Elo,together_mistralai_Mistral-7B-Instruct-v0.3_split80_10_20250727_225419_1753649659_73b450ff_20250728_133700_1753702620_3af65586,together_mistralai_Mistral-7B-Instruct-v0.3_split80_10_20250727_225848_1753649928_638eaa6b_20250728_133658_1753702618_ece6ddc9,17,0.014111231175961393,0.00018586081711198063,134
Glicko2,together_mistralai_Mistral-7B-Instruct-v0.3_split80_10_20250727_225419_1753649659_73b450ff_20250728_133700_1753702620_3af65586,together_mistralai_Mistral-7B-Instruct-v0.3_split80_10_20250727_225848_1753649928_638eaa6b_20250728_133658_1753702618_ece6ddc9,17,0.009142332234066068,8.316444434610401e-05,120
WinCount,together_mistralai_Mistral-7B-Instruct-v0.3_split80_10_20250727_225419_1753649659_73b450ff_20250728_133700_1753702620_3af65586,together_mistralai_Mistral-7B-Instruct-v0.3_split80_10_20250727_225848_1753649928_638eaa6b_20250728_133658_1753702618_ece6ddc9,17,0.0343221177128592,0.0012177830387239182,118
