method,run1,run2,tvd,jsd
Elo,anthropic_claude-3-5-sonnet-latest_20250727_205057_1753642257_cb2caa5a,anthropic_claude-3-5-sonnet-latest_20250727_210905_1753643345_59a35dff,0.014434247992383985,0.00019565621411351245
Glicko2,anthropic_claude-3-5-sonnet-latest_20250727_205057_1753642257_cb2caa5a,anthropic_claude-3-5-sonnet-latest_20250727_210905_1753643345_59a35dff,0.013180491935134458,0.00019067560761178328
