method,run1,run2,tvd,jsd
Elo,together_google_gemma-3n-E4B-it_20250727_224653_1753649213_870234e2,together_google_gemma-3n-E4B-it_20250727_225026_1753649426_e0645002,0.017401263957839894,0.00032580752135326883
Glicko2,together_google_gemma-3n-E4B-it_20250727_224653_1753649213_870234e2,together_google_gemma-3n-E4B-it_20250727_225026_1753649426_e0645002,0.03930450643467771,0.0017214750301776125
